role,champion,winrate,games
BOTTOM,Jhin,0.4789687924016282,2211
BOTTOM,MissFortune,0.47718631178707227,526
JUNGLE,Diana,0.5220588235294118,680
JUNGLE,Nidalee,0.5192107995846313,963
MIDDLE,Smolder,0.4473684210526316,152
MIDDLE,Zeri,0.5909090909090909,22
TOP,Gnar,0.492018779342723,1065
TOP,Rumble,0.515778019586507,919
UTILITY,Camille,0.43869209809264303,367
UTILITY,Leona,0.5,1252
BOTTOM,Kaisa,0.48095703125,2048
JUNGLE,LeeSin,0.5015447991761071,1942
JUNGLE,Ivern,0.49816176470588236,544
MIDDLE,Leblanc,0.5148936170212766,940
MIDDLE,Anivia,0.5360576923076923,832
TOP,Camille,0.5191424196018377,653
TOP,Zeri,0.5,34
UTILITY,Alistar,0.5147615442846328,1321
UTILITY,Rell,0.5129943502824859,1770
BOTTOM,Zeri,0.4884713919726729,1171
JUNGLE,Gragas,0.5,54
JUNGLE,RekSai,0.5337278106508876,845
MIDDLE,Zoe,0.48848684210526316,608
TOP,Smolder,0.4230769230769231,78
TOP,Yasuo,0.5230202578268877,543
UTILITY,Rakan,0.48400328137817883,1219
BOTTOM,Caitlyn,0.5150812064965197,2155
BOTTOM,Hwei,0.46474358974358976,312
JUNGLE,MasterYi,0.4829821717990275,617
JUNGLE,Talon,0.4969742813918306,1322
MIDDLE,TwistedFate,0.5443181818181818,880
MIDDLE,Corki,0.381294964028777,139
TOP,Garen,0.4884020618556701,776
TOP,Aatrox,0.49002493765586036,802
UTILITY,Pyke,0.5061068702290077,1310
UTILITY,Senna,0.5228840125391849,1595
BOTTOM,Tristana,0.501123595505618,890
BOTTOM,Ezreal,0.48599473306200625,4177
JUNGLE,Skarner,0.5351270553064275,669
JUNGLE,Ekko,0.5407608695652174,736
MIDDLE,Sylas,0.5033377837116155,1498
MIDDLE,Yasuo,0.5143338954468802,1186
TOP,Jax,0.5136663524976437,1061
TOP,Gragas,0.5045537340619308,549
UTILITY,Lulu,0.503683241252302,2172
BOTTOM,Sivir,0.4752475247524752,808
BOTTOM,Samira,0.46794871794871795,624
JUNGLE,Graves,0.493891797556719,2292
MIDDLE,Ahri,0.5375744047619048,2688
TOP,Urgot,0.4713375796178344,314
TOP,Renekton,0.5040071237756011,1123
UTILITY,Nautilus,0.4922035892909679,3399
BOTTOM,Corki,0.4945155393053016,1094
JUNGLE,Kindred,0.5049115913555993,509
JUNGLE,Nunu,0.5422535211267606,710
MIDDLE,Katarina,0.5097847358121331,1022
MIDDLE,Lissandra,0.5056179775280899,534
TOP,Ambessa,0.4702702702702703,1110
TOP,Yone,0.5033112582781457,755
UTILITY,Pantheon,0.5207612456747405,578
BOTTOM,Velkoz,0.5173210161662818,433
JUNGLE,Khazix,0.46318289786223277,1263
JUNGLE,Shyvana,0.4423076923076923,468
MIDDLE,Briar,0.3333333333333333,6
TOP,Quinn,0.585,200
BOTTOM,Swain,0.5335195530726257,358
JUNGLE,JarvanIV,0.4843674843674844,2079
MIDDLE,Orianna,0.49508196721311476,1220
JUNGLE,Ambessa,0.46138002059732236,971
MIDDLE,Galio,0.5049019607843137,816
TOP,Fiora,0.5375375375375375,666
UTILITY,Renata,0.4738675958188153,287
UTILITY,Poppy,0.5735607675906184,469
BOTTOM,Varus,0.4529236868186323,1009
JUNGLE,Morgana,0.573170731707317,82
MIDDLE,Aurora,0.4922322158626329,1223
MIDDLE,Yone,0.492831541218638,1116
TOP,Sion,0.47464622641509435,1696
TOP,Trundle,0.5219512195121951,205
UTILITY,Janna,0.5129124820659972,1394
UTILITY,Elise,0.4756335282651072,513
JUNGLE,MonkeyKing,0.5251989389920424,754
MIDDLE,Akshan,0.5018450184501845,813
TOP,Malzahar,0.37735849056603776,53
TOP,Heimerdinger,0.46551724137931033,116
UTILITY,Seraphine,0.513493800145879,1371
BOTTOM,Ashe,0.5245321193727871,1977
JUNGLE,Sylas,0.48788927335640137,1156
JUNGLE,Vi,0.5384615384615384,936
TOP,Vladimir,0.49760765550239233,418
MIDDLE,Tryndamere,0.6009852216748769,203
MIDDLE,Gragas,0.43137254901960786,102
TOP,Yorick,0.4753694581280788,406
TOP,Irelia,0.5113924050632911,790
UTILITY,Nami,0.49915325994919557,2362
JUNGLE,FiddleSticks,0.49224806201550386,258
MIDDLE,Annie,0.5422705314009661,828
TOP,Akali,0.4746317512274959,611
UTILITY,Maokai,0.5245901639344263,183
BOTTOM,KogMaw,0.5020408163265306,490
MIDDLE,Velkoz,0.5879120879120879,182
TOP,Cassiopeia,0.546191247974068,617
BOTTOM,Kalista,0.5454545454545454,1287
BOTTOM,Draven,0.506350550381033,1181
JUNGLE,Kayn,0.4846938775510204,588
MIDDLE,Azir,0.4233576642335766,411
TOP,Tristana,0.5384615384615384,52
TOP,Malphite,0.5013723696248856,1093
UTILITY,Zilean,0.5029469548133595,509
BOTTOM,Gragas,0.0,2
JUNGLE,Udyr,0.4801864801864802,429
JUNGLE,Lillia,0.4951267056530214,513
MIDDLE,Ambessa,0.5,148
MIDDLE,Swain,0.46616541353383456,133
TOP,Kled,0.5276595744680851,235
BOTTOM,Karthus,0.5579598145285936,647
JUNGLE,Volibear,0.4406779661016949,118
UTILITY,Thresh,0.5209471766848816,1647
UTILITY,Soraka,0.492379835873388,853
BOTTOM,Ziggs,0.5092165898617511,434
JUNGLE,Warwick,0.46511627906976744,129
MIDDLE,Hwei,0.5007215007215007,693
UTILITY,Skarner,0.39655172413793105,58
UTILITY,TahmKench,0.5269461077844312,167
BOTTOM,Jinx,0.49754098360655735,1220
BOTTOM,Xayah,0.4978813559322034,472
MIDDLE,Zac,0.2857142857142857,42
TOP,Shen,0.4817880794701987,604
JUNGLE,Nocturne,0.5026833631484794,1118
MIDDLE,Akali,0.4804804804804805,1332
TOP,Aurora,0.5087956698240866,739
TOP,Gangplank,0.5203915171288744,613
TOP,Warwick,0.5128205128205128,195
UTILITY,FiddleSticks,0.6129032258064516,93
BOTTOM,Yasuo,0.5152173913043478,460
JUNGLE,XinZhao,0.5025125628140703,1194
TOP,Poppy,0.48854961832061067,131
BOTTOM,Lucian,0.525974025974026,1078
MIDDLE,Vex,0.5,250
TOP,Maokai,0.5689655172413793,58
JUNGLE,Karthus,0.48366013071895425,459
TOP,Bard,1.0,1
UTILITY,Vex,0.47058823529411764,17
MIDDLE,Qiyana,0.5142503097893433,807
UTILITY,Milio,0.46412213740458014,655
UTILITY,Swain,0.42857142857142855,84
JUNGLE,Zac,0.47577092511013214,227
MIDDLE,Kassadin,0.4635514018691589,535
UTILITY,Zoe,0.4555984555984556,259
JUNGLE,Viego,0.4899845916795069,1298
TOP,KSante,0.48299319727891155,1176
TOP,Gwen,0.4797979797979798,396
BOTTOM,Seraphine,0.555045871559633,436
TOP,Lucian,0.36363636363636365,22
UTILITY,Zac,0.425,40
JUNGLE,Taliyah,0.5386178861788617,492
BOTTOM,Aphelios,0.49170616113744076,844
MIDDLE,Veigar,0.47520661157024796,242
MIDDLE,Lux,0.4827586206896552,290
UTILITY,Bard,0.5184534270650264,2845
JUNGLE,Elise,0.49295774647887325,568
MIDDLE,Darius,0.5,32
TOP,Leblanc,0.5,68
UTILITY,Blitzcrank,0.4954367666232073,767
TOP,Nidalee,0.2826086956521739,46
TOP,Swain,0.44329896907216493,97
UTILITY,Teemo,0.47058823529411764,17
BOTTOM,Veigar,0.5038759689922481,129
BOTTOM,Smolder,0.4799465240641711,1496
TOP,Tryndamere,0.5447368421052632,380
JUNGLE,Amumu,0.3333333333333333,51
MIDDLE,Fizz,0.474025974025974,462
TOP,Ornn,0.5070955534531694,1057
JUNGLE,Belveth,0.5152941176470588,425
TOP,Anivia,0.5143884892086331,556
TOP,Sylas,0.5406162464985994,357
TOP,Jayce,0.4864864864864865,1665
UTILITY,Braum,0.49727767695099817,1102
MIDDLE,Taliyah,0.5474794841735052,853
JUNGLE,Rengar,0.5037037037037037,810
MIDDLE,Sion,0.4618181818181818,275
UTILITY,Lux,0.4947589098532495,477
TOP,Teemo,0.5,376
TOP,Nasus,0.47783251231527096,203
MIDDLE,Syndra,0.524567474048443,1445
TOP,Varus,0.49700598802395207,1002
TOP,Zac,0.5636363636363636,55
JUNGLE,Hecarim,0.5138516532618409,1119
TOP,Darius,0.5085638998682477,759
TOP,Singed,0.5292987512007685,1041
UTILITY,Taric,0.5147679324894515,474
MIDDLE,Xerath,0.4921875,384
JUNGLE,Poppy,0.5483870967741935,124
TOP,Pantheon,0.5102040816326531,441
TOP,Mordekaiser,0.44155844155844154,231
JUNGLE,Neeko,0.6046511627906976,43
TOP,Talon,0.5,24
JUNGLE,Qiyana,0.497134670487106,698
UTILITY,Karma,0.48908620051794305,2703
JUNGLE,Zyra,0.49214659685863876,382
TOP,Riven,0.529639175257732,776
MIDDLE,Seraphine,0.4805194805194805,77
UTILITY,Neeko,0.49635036496350365,822
JUNGLE,Evelynn,0.509493670886076,316
MIDDLE,Talon,0.4589041095890411,146
MIDDLE,Brand,0.5316901408450704,284
MIDDLE,Naafiri,0.46153846153846156,273
TOP,MasterYi,0.3968253968253968,63
UTILITY,Sylas,0.4883720930232558,215
JUNGLE,Darius,0.47586206896551725,145
UTILITY,Heimerdinger,0.47058823529411764,17
JUNGLE,Maokai,0.5625,32
MIDDLE,Jayce,0.5139186295503212,467
TOP,Olaf,0.4797891036906854,569
JUNGLE,Jax,0.4647887323943662,142
MIDDLE,Irelia,0.420479302832244,459
BOTTOM,KSante,0.25,4
MIDDLE,Garen,0.4838709677419355,62
TOP,Kalista,0.48,100
MIDDLE,Diana,0.43037974683544306,316
MIDDLE,Skarner,0.6666666666666666,3
MIDDLE,Renekton,0.4492753623188406,69
TOP,Fizz,0.5102040816326531,49
UTILITY,Shen,0.3977272727272727,88
JUNGLE,Mordekaiser,0.5,12
MIDDLE,Zed,0.48447789275634995,1063
TOP,LeeSin,0.47572815533980584,103
MIDDLE,Malphite,0.5454545454545454,77
MIDDLE,Viktor,0.47517188693659285,1309
TOP,Volibear,0.4946808510638298,188
UTILITY,JarvanIV,0.375,16
MIDDLE,Ekko,0.5020491803278688,976
UTILITY,Veigar,0.46875,32
TOP,DrMundo,0.4473229706390328,579
MIDDLE,Viego,0.38461538461538464,65
UTILITY,Zyra,0.5,86
TOP,Kennen,0.45652173913043476,414
JUNGLE,Sejuani,0.5348837209302325,172
UTILITY,Sona,0.5055401662049861,722
BOTTOM,Vayne,0.4609375,512
JUNGLE,DrMundo,0.5068493150684932,584
JUNGLE,Nasus,0.5483870967741935,155
TOP,MonkeyKing,0.5121951219512195,41
JUNGLE,Zed,0.44545454545454544,330
TOP,Chogath,0.4679144385026738,374
BOTTOM,TahmKench,0.56,50
UTILITY,Velkoz,0.5123762376237624,404
BOTTOM,Zoe,0.42857142857142855,28
TOP,Sett,0.4719626168224299,214
BOTTOM,Qiyana,0.48717948717948717,39
BOTTOM,Aurora,0.4230769230769231,26
MIDDLE,Cassiopeia,0.5154761904761904,840
MIDDLE,Gwen,0.4716981132075472,53
UTILITY,Yuumi,0.39335180055401664,361
MIDDLE,Karma,0.37209302325581395,86
TOP,TahmKench,0.4810126582278481,79
BOTTOM,Nilah,0.515625,256
BOTTOM,Viktor,0.5531914893617021,94
MIDDLE,Vladimir,0.5121107266435986,578
MIDDLE,Ezreal,0.4065040650406504,123
UTILITY,Morgana,0.4418604651162791,172
UTILITY,Brand,0.49324324324324326,148
BOTTOM,Mel,0.48616600790513836,506
MIDDLE,Gangplank,0.42857142857142855,56
MIDDLE,Mel,0.4405458089668616,513
TOP,Nautilus,0.2222222222222222,9
MIDDLE,Chogath,0.4899328859060403,149
TOP,Zilean,0.5,98
BOTTOM,Twitch,0.44842105263157894,475
MIDDLE,Teemo,0.625,16
TOP,Neeko,0.5,12
TOP,Galio,0.4576271186440678,59
TOP,Lux,0.5,22
JUNGLE,Pantheon,0.5076660988074957,587
TOP,Illaoi,0.5222222222222223,180
BOTTOM,Maokai,1.0,2
MIDDLE,Ryze,0.46030534351145036,1310
TOP,Vayne,0.5358955765047135,1379
TOP,Twitch,0.36363636363636365,11
MIDDLE,Shen,0.4166666666666667,24
TOP,Azir,0.4444444444444444,27
BOTTOM,Jax,0.5333333333333333,15
TOP,Jinx,0.0,2
JUNGLE,Shaco,0.5332640332640333,962
MIDDLE,Kayle,0.4817073170731707,164
MIDDLE,Neeko,0.5,98
BOTTOM,Brand,0.47023809523809523,504
TOP,Senna,0.6,5
UTILITY,Xerath,0.4125,80
JUNGLE,Briar,0.47780678851174935,383
JUNGLE,Gwen,0.48854961832061067,131
UTILITY,Mel,0.5,76
MIDDLE,Mordekaiser,0.5,14
MIDDLE,Pantheon,0.5378787878787878,132
TOP,Karma,0.4351851851851852,108
TOP,Sejuani,0.4375,32
BOTTOM,Senna,0.517718715393134,1806
MIDDLE,Bard,0.625,8
TOP,Janna,0.4666666666666667,15
TOP,Udyr,0.4787234042553192,94
UTILITY,Yone,0.0,1
JUNGLE,Naafiri,0.49555375909458366,1237
TOP,Zed,0.5567010309278351,194
BOTTOM,Sett,1.0,6
MIDDLE,AurelionSol,0.5431654676258992,278
MIDDLE,Ziggs,0.4927536231884058,69
TOP,Ryze,0.46859903381642515,207
TOP,Soraka,0.6,10
UTILITY,Sejuani,0.4,10
BOTTOM,Sion,0.5,34
BOTTOM,Heimerdinger,0.5657894736842105,76
TOP,Lissandra,0.4909090909090909,55
MIDDLE,XinZhao,0.5595667870036101,277
MIDDLE,Zilean,0.5460992907801419,141
TOP,Naafiri,0.49640287769784175,139
JUNGLE,Brand,0.5116279069767442,215
MIDDLE,Lucian,0.4090909090909091,44
MIDDLE,Tristana,0.5165289256198347,242
TOP,Kayle,0.48366013071895425,306
TOP,XinZhao,0.4823008849557522,226
BOTTOM,Lux,0.5286885245901639,244
BOTTOM,Taliyah,0.43243243243243246,37
JUNGLE,Trundle,0.5384615384615384,104
MIDDLE,MonkeyKing,0.25,4
MIDDLE,Malzahar,0.4694835680751174,426
MIDDLE,Quinn,0.5036496350364964,274
UTILITY,Gragas,0.6346153846153846,52
UTILITY,Nidalee,0.44680851063829785,94
MIDDLE,Heimerdinger,0.34375,32
TOP,Shyvana,0.4666666666666667,120
MIDDLE,Morgana,0.5555555555555556,45
BOTTOM,Pantheon,0.7037037037037037,27
UTILITY,Lissandra,0.6666666666666666,30
JUNGLE,Olaf,0.4491525423728814,118
TOP,JarvanIV,0.42857142857142855,7
UTILITY,Galio,0.6203703703703703,108
MIDDLE,MasterYi,0.4,10
TOP,Ahri,0.6559139784946236,93
MIDDLE,Lulu,0.5,8
BOTTOM,Neeko,0.625,8
JUNGLE,Ryze,0.0,1
UTILITY,Ornn,0.44,25
MIDDLE,Nunu,0.41346153846153844,104
UTILITY,Trundle,0.3142857142857143,35
BOTTOM,Syndra,0.5246636771300448,223
BOTTOM,Zilean,0.5223880597014925,67
BOTTOM,Yunara,0.5068306010928961,2196
TOP,RekSai,0.5047619047619047,105
TOP,Graves,0.41025641025641024,39
BOTTOM,AurelionSol,0.4956896551724138,464
TOP,Ekko,0.45535714285714285,112
MIDDLE,KSante,0.4430379746835443,79
TOP,Yunara,0.5,14
MIDDLE,Twitch,0.47368421052631576,38
TOP,Annie,0.47770700636942676,157
UTILITY,Kennen,0.4375,16
JUNGLE,Chogath,0.4857142857142857,140
JUNGLE,Aatrox,0.5035545023696683,844
UTILITY,Ekko,0.5609756097560976,41
TOP,Zaahen,0.49673202614379086,612
JUNGLE,Urgot,0.5,8
JUNGLE,Jayce,0.49050632911392406,632
BOTTOM,Cassiopeia,0.5428571428571428,175
JUNGLE,Fizz,0.48148148148148145,108
BOTTOM,Olaf,0.4642857142857143,28
MIDDLE,Zaahen,0.5,16
JUNGLE,Zaahen,0.516209476309227,401
JUNGLE,Malphite,0.37662337662337664,77
MIDDLE,Varus,0.4788732394366197,71
UTILITY,Vi,0.46153846153846156,13
MIDDLE,Graves,0.5555555555555556,18
UTILITY,Amumu,0.5254237288135594,59
MIDDLE,Ornn,0.35714285714285715,42
MIDDLE,Vayne,0.5287356321839081,87
BOTTOM,Zyra,0.5611510791366906,139
BOTTOM,Quinn,0.5833333333333334,12
TOP,Akshan,0.6377952755905512,127
UTILITY,Nunu,0.5,14
MIDDLE,LeeSin,0.525,40
UTILITY,Leblanc,0.5230769230769231,130
BOTTOM,Malzahar,0.4166666666666667,36
MIDDLE,Kennen,0.5172413793103449,58
UTILITY,Shaco,0.4777777777777778,180
UTILITY,Riven,0.5384615384615384,13
BOTTOM,Kayle,0.7142857142857143,7
TOP,Kayn,0.4482758620689655,29
BOTTOM,Chogath,0.45,20
TOP,Corki,0.5833333333333334,36
UTILITY,Ashe,0.42424242424242425,33
BOTTOM,Jayce,0.3333333333333333,6
JUNGLE,Riven,0.5188679245283019,106
TOP,Elise,0.47058823529411764,51
MIDDLE,Karthus,0.46808510638297873,94
TOP,Ivern,0.5555555555555556,27
BOTTOM,Anivia,0.5,50
UTILITY,Ivern,0.40625,32
UTILITY,KSante,0.5116279069767442,43
UTILITY,Rumble,0.5555555555555556,9
UTILITY,Orianna,1.0,7
MIDDLE,DrMundo,0.391304347826087,23
BOTTOM,Vladimir,0.4857142857142857,280
JUNGLE,Shen,0.4673913043478261,92
MIDDLE,Jax,0.6388888888888888,108
TOP,Mel,0.5882352941176471,17
JUNGLE,Rumble,0.46511627906976744,43
TOP,Katarina,0.5625,64
BOTTOM,Fiora,0.5490196078431373,153
MIDDLE,Elise,0.3333333333333333,6
MIDDLE,KogMaw,0.4921875,128
UTILITY,Anivia,0.47249190938511326,309
TOP,Taliyah,0.4090909090909091,44
UTILITY,Annie,0.4918032786885246,61
MIDDLE,Aatrox,0.5172413793103449,29
JUNGLE,Rammus,0.6282051282051282,78
TOP,Kaisa,0.48,25
MIDDLE,Warwick,0.4,10
TOP,Samira,0.16666666666666666,6
UTILITY,Qiyana,0.5,22
BOTTOM,Rengar,0.47058823529411764,17
BOTTOM,Naafiri,0.43478260869565216,23
TOP,FiddleSticks,0.44,100
TOP,Viktor,0.46153846153846156,65
TOP,Qiyana,0.6148148148148148,135
MIDDLE,Singed,0.5031055900621118,161
TOP,Aphelios,0.5,8
BOTTOM,Ekko,0.5466666666666666,75
UTILITY,Fiora,0.36,25
UTILITY,Jax,0.43243243243243246,37
MIDDLE,Zyra,0.42857142857142855,21
TOP,Ezreal,0.5483870967741935,31
MIDDLE,Olaf,0.578125,64
MIDDLE,Kaisa,0.3333333333333333,18
TOP,Viego,0.42857142857142855,21
MIDDLE,Yunara,0.6666666666666666,3
JUNGLE,Vex,0.0,1
TOP,Zoe,0.44166666666666665,120
BOTTOM,Zed,0.25,8
TOP,Orianna,0.48,25
BOTTOM,Riven,0.5769230769230769,52
BOTTOM,Elise,0.0,1
TOP,Velkoz,0.423728813559322,59
UTILITY,Nasus,0.38461538461538464,13
BOTTOM,Katarina,0.5341614906832298,161
TOP,Karthus,0.5573770491803278,61
UTILITY,Singed,0.3076923076923077,13
JUNGLE,Teemo,0.4411764705882353,68
MIDDLE,Camille,0.5384615384615384,26
MIDDLE,Kayn,0.4,5
MIDDLE,Ivern,0.5625,16
MIDDLE,RekSai,0.2857142857142857,14
MIDDLE,Shaco,0.5,2
TOP,Skarner,0.4158415841584158,101
MIDDLE,Riven,0.5189620758483033,501
MIDDLE,Kled,0.5555555555555556,9
TOP,Rammus,0.4,10
UTILITY,Vladimir,0.0,1
TOP,Rengar,0.32,25
BOTTOM,Pyke,0.875,8
TOP,KogMaw,0.6162790697674418,86
TOP,Kassadin,0.47058823529411764,34
BOTTOM,Fizz,0.5,4
MIDDLE,Rumble,0.47368421052631576,76
TOP,Syndra,0.48484848484848486,33
BOTTOM,Azir,0.375,16
MIDDLE,Nasus,0.5584415584415584,77
JUNGLE,Sion,0.6538461538461539,26
UTILITY,Rengar,0.375,8
BOTTOM,Akshan,0.5652173913043478,23
BOTTOM,Xerath,0.53125,96
TOP,Veigar,0.41379310344827586,29
TOP,Vi,0.5789473684210527,19
UTILITY,Taliyah,0.39473684210526316,38
TOP,TwistedFate,0.5164835164835165,273
TOP,Briar,0.35714285714285715,14
BOTTOM,Kayn,0.25,4
MIDDLE,Draven,0.1111111111111111,9
MIDDLE,Pyke,0.6,20
UTILITY,Akshan,0.0,2
MIDDLE,Aphelios,0.4,5
JUNGLE,Taric,0.3333333333333333,3
TOP,Ziggs,0.0,2
MIDDLE,Jhin,0.6363636363636364,11
UTILITY,Belveth,0.0,2
JUNGLE,Camille,0.4642857142857143,28
UTILITY,Hwei,0.35135135135135137,37
UTILITY,Karthus,0.43478260869565216,23
UTILITY,Syndra,0.45454545454545453,22
BOTTOM,Aatrox,0.0,1
MIDDLE,Senna,0.0,2
UTILITY,RekSai,0.38461538461538464,13
BOTTOM,Singed,0.6666666666666666,33
MIDDLE,Rakan,0.5,2
BOTTOM,DrMundo,0.0,3
TOP,Vex,0.6875,16
JUNGLE,Vayne,0.5148514851485149,101
MIDDLE,FiddleSticks,0.5333333333333333,15
BOTTOM,Galio,1.0,3
BOTTOM,Garen,1.0,2
JUNGLE,Ornn,0.6153846153846154,13
TOP,Jhin,0.45454545454545453,11
TOP,Lulu,0.5,4
TOP,Hwei,0.7058823529411765,17
BOTTOM,Sylas,0.5161290322580645,31
TOP,AurelionSol,0.5818181818181818,55
UTILITY,KogMaw,0.5,4
UTILITY,XinZhao,0.375,8
BOTTOM,Ornn,1.0,2
MIDDLE,Alistar,0.0,1
MIDDLE,Nautilus,0.6666666666666666,6
UTILITY,Kayle,0.6666666666666666,3
JUNGLE,Ezreal,0.4722222222222222,36
BOTTOM,Ahri,0.3157894736842105,19
UTILITY,Ezreal,0.2857142857142857,21
BOTTOM,Akali,0.375,8
TOP,Caitlyn,0.5,8
JUNGLE,Yone,0.6666666666666666,3
MIDDLE,Sett,0.42857142857142855,7
BOTTOM,Shaco,0.25,4
UTILITY,Sion,0.37735849056603776,53
TOP,Draven,0.5,44
MIDDLE,Kalista,0.42857142857142855,42
MIDDLE,Shyvana,0.6666666666666666,3
BOTTOM,Ambessa,1.0,1
MIDDLE,Udyr,0.0,2
UTILITY,LeeSin,0.1875,16
JUNGLE,Xayah,0.0,1
MIDDLE,Trundle,0.25,12
TOP,Shaco,0.2857142857142857,7
UTILITY,Aurora,0.25,4
MIDDLE,Nocturne,0.45454545454545453,11
TOP,Brand,0.5816993464052288,153
MIDDLE,Ashe,0.6,5
TOP,Xerath,0.25,4
BOTTOM,Irelia,0.5,14
UTILITY,Twitch,0.391304347826087,23
UTILITY,MasterYi,0.3333333333333333,6
BOTTOM,Vex,0.5,4
TOP,Kindred,0.4,10
JUNGLE,Kaisa,0.42857142857142855,7
UTILITY,Katarina,0.6666666666666666,3
MIDDLE,Fiora,0.5384615384615384,78
BOTTOM,Camille,0.0,2
MIDDLE,Gnar,0.42857142857142855,7
MIDDLE,Sivir,0.42105263157894735,19
BOTTOM,Orianna,0.4,5
MIDDLE,Sejuani,0.0,3
UTILITY,Warwick,0.3333333333333333,3
UTILITY,Caitlyn,0.0,1
MIDDLE,Soraka,0.25,8
MIDDLE,Kindred,0.5,4
JUNGLE,AurelionSol,0.42857142857142855,7
MIDDLE,Belveth,0.5,12
UTILITY,TwistedFate,0.42105263157894735,19
UTILITY,Ahri,0.6666666666666666,6
BOTTOM,Yone,0.5789473684210527,19
BOTTOM,TwistedFate,0.7142857142857143,14
BOTTOM,LeeSin,0.4,5
TOP,Alistar,0.0,4
UTILITY,Evelynn,0.75,4
MIDDLE,MissFortune,0.3333333333333333,6
BOTTOM,Soraka,0.8,5
MIDDLE,Nidalee,0.3333333333333333,9
BOTTOM,Lissandra,0.5,2
TOP,Nocturne,0.16666666666666666,6
BOTTOM,Morgana,0.3333333333333333,6
MIDDLE,Urgot,0.42857142857142855,7
JUNGLE,Singed,0.3333333333333333,3
TOP,Zyra,0.5333333333333333,15
JUNGLE,Twitch,0.42857142857142855,7
MIDDLE,Taric,0.3333333333333333,3
TOP,Diana,0.4634146341463415,41
UTILITY,MissFortune,0.42857142857142855,7
BOTTOM,Annie,0.5370370370370371,54
TOP,Nunu,0.5238095238095238,21
MIDDLE,Vi,0.5,14
BOTTOM,Shen,1.0,1
UTILITY,Rammus,0.75,8
TOP,Nilah,0.3333333333333333,3
UTILITY,Kled,0.3333333333333333,3
UTILITY,Gangplank,1.0,1
TOP,Evelynn,0.5,4
BOTTOM,Kennen,0.3684210526315789,19
TOP,Ashe,0.5,12
JUNGLE,Gnar,0.5333333333333333,15
UTILITY,Malzahar,0.16666666666666666,6
MIDDLE,Illaoi,0.7,10
JUNGLE,Kayle,0.4444444444444444,9
UTILITY,Urgot,1.0,1
JUNGLE,Nautilus,0.375,8
JUNGLE,Zeri,0.16666666666666666,6
TOP,Hecarim,1.0,1
TOP,Pyke,0.3333333333333333,3
JUNGLE,Sett,0.4375,16
JUNGLE,Heimerdinger,0.4,5
TOP,Sona,0.2,5
UTILITY,AurelionSol,0.5,4
UTILITY,Cassiopeia,0.75,8
BOTTOM,Teemo,0.5,8
BOTTOM,Belveth,0.0,2
BOTTOM,Diana,0.5,4
BOTTOM,Kindred,0.3333333333333333,3
JUNGLE,Malzahar,0.5,2
UTILITY,Varus,1.0,1
UTILITY,Jhin,0.4,5
MIDDLE,Poppy,0.25,4
UTILITY,Zaahen,0.0,1
MIDDLE,Yorick,0.3333333333333333,9
TOP,Morgana,0.45454545454545453,11
UTILITY,Darius,0.8571428571428571,7
UTILITY,Quinn,0.5,6
UTILITY,Sett,0.75,4
UTILITY,Talon,0.0,1
MIDDLE,Caitlyn,0.375,8
JUNGLE,Kalista,0.0,1
TOP,Seraphine,0.5,8
TOP,Belveth,0.5714285714285714,7
BOTTOM,Tryndamere,0.0,1
BOTTOM,Ryze,0.5,4
TOP,Rakan,1.0,1
TOP,Taric,0.0,2
MIDDLE,TahmKench,0.7777777777777778,9
UTILITY,Yasuo,0.0,3
JUNGLE,Draven,0.2,5
MIDDLE,JarvanIV,1.0,3
UTILITY,Nocturne,0.0,2
MIDDLE,Rammus,1.0,1
JUNGLE,TahmKench,0.0,1
TOP,Xayah,0.3333333333333333,3
UTILITY,Udyr,0.5,2
TOP,Lillia,0.75,4
BOTTOM,Illaoi,1.0,2
UTILITY,Akali,0.6666666666666666,3
MIDDLE,Xayah,0.5,2
BOTTOM,XinZhao,0.16666666666666666,6
JUNGLE,Jhin,1.0,1
UTILITY,DrMundo,1.0,2
UTILITY,Naafiri,1.0,1
JUNGLE,Quinn,0.45023696682464454,211
BOTTOM,MonkeyKing,1.0,1
JUNGLE,Irelia,0.0,1
MIDDLE,Sona,0.5,2
BOTTOM,Nasus,0.0,3
JUNGLE,KogMaw,0.5,2
BOTTOM,Karma,1.0,2
MIDDLE,Lillia,0.5,2
MIDDLE,Volibear,0.5,2
MIDDLE,Nilah,0.0,1
BOTTOM,Nunu,0.0,2
UTILITY,Fizz,0.5,2
UTILITY,Chogath,0.0,3
UTILITY,Tryndamere,1.0,1
BOTTOM,MasterYi,0.5416666666666666,24
UTILITY,Malphite,1.0,1
JUNGLE,Soraka,0.0,1
UTILITY,Kalista,0.0,1
JUNGLE,Nilah,0.0,1
BOTTOM,Talon,1.0,2
TOP,Milio,1.0,1
UTILITY,Aatrox,1.0,1
UTILITY,Viego,0.8571428571428571,7
UTILITY,MonkeyKing,0.0,3
BOTTOM,Kassadin,0.0,1
JUNGLE,TwistedFate,0.0,2
BOTTOM,Renekton,1.0,5
MIDDLE,Amumu,0.0,1
JUNGLE,Kled,1.0,1
JUNGLE,Yasuo,0.0,3
BOTTOM,Malphite,0.0,3
JUNGLE,Tryndamere,0.3333333333333333,3
MIDDLE,Nami,1.0,1
UTILITY,Zed,1.0,4
BOTTOM,Viego,0.0,1
UTILITY,Viktor,0.0,2
BOTTOM,Udyr,0.0,1
BOTTOM,RekSai,1.0,1
MIDDLE,Milio,0.0,1
UTILITY,Graves,0.0,1
BOTTOM,Briar,1.0,1
UTILITY,Kassadin,0.0,1
BOTTOM,Mordekaiser,1.0,1
BOTTOM,Sona,0.0,1
TOP,Locke,0.4230769230769231,26
MIDDLE,Locke,0.4838709677419355,93
JUNGLE,Locke,0.5555555555555556,36
BOTTOM,Locke,0.5,12
JUNGLE,Orianna,0.0,1
UTILITY,Locke,0.3333333333333333,3
UTILITY,Kindred,1.0,1
BOTTOM,Zaahen,1.0,1
TOP,Nami,0.0,1
JUNGLE,Katarina,0.0,1
BOTTOM,Nautilus,1.0,1
